code,direction,id,lat,locationType,lon,name,routes,wheelchairBoarding,ts,uuid
400323,SW,MTA_400323,40.749477,0,-73.983921,5 AV/W 36 ST,"[{""agency"":{""disclaimer"":"""",""email"":"""",""fareUrl"":"""",""id"":""MTA NYCT"",""lang"":""en"",""name"":""MTA New York City Transit"",""phone"":""718-330-1234"",""privateService"":false,""timezone"":""America/New_York"",""url"":""http://www.mta.info""},""color"":""EE352E"",""description"":""via 5th Av / Madison Av"",""id"":""MTA NYCT_M1"",""longName"":""Harlem - East Village"",""shortName"":""M1"",""textColor"":""FFFFFF"",""type"":3,""url"":""""}, {""agency"":{""disclaimer"":"""",""email"":"""",""fareUrl"":"""",""id"":""MTA NYCT"",""lang"":""en"",""name"":""MTA New York City Transit"",""phone"":""718-330-1234"",""privateService"":false,""timezone"":""America/New_York"",""url"":""http://www.mta.info""},""color"":""B933AD"",""description"":""via 5th Av / Madison Av / AC Powell Blvd"",""id"":""MTA NYCT_M2"",""longName"":""Washington Heights - East Village"",""shortName"":""M2"",""textColor"":""FFFFFF"",""type"":3,""url"":""""}, {""agency"":{""disclaimer"":"""",""email"":"""",""fareUrl"":"""",""id"":""MTA NYCT"",""lang"":""en"",""name"":""MTA New York City Transit"",""phone"":""718-330-1234"",""privateService"":false,""timezone"":""America/New_York"",""url"":""http://www.mta.info""},""color"":""B933AD"",""description"":""via 5th Av / Madison Av / St Nicholas Av"",""id"":""MTA NYCT_M3"",""longName"":""Fort George - East Village"",""shortName"":""M3"",""textColor"":""FFFFFF"",""type"":3,""url"":""""}, {""agency"":{""disclaimer"":"""",""email"":"""",""fareUrl"":"""",""id"":""MTA NYCT"",""lang"":""en"",""name"":""MTA New York City Transit"",""phone"":""718-330-1234"",""privateService"":false,""timezone"":""America/New_York"",""url"":""http://www.mta.info""},""color"":""00AEEF"",""description"":""via 5th Av / Madison Av / Broadway / Ft.Washington Av"",""id"":""MTA NYCT_M4"",""longName"":""The Cloisters - 32 St"",""shortName"":""M4"",""textColor"":""FFFFFF"",""type"":3,""url"":""""}, {""agency"":{""disclaimer"":"""",""email"":"""",""fareUrl"":"""",""id"":""MTA NYCT"",""lang"":""en"",""name"":""MTA New York City Transit"",""phone"":""718-330-1234"",""privateService"":false,""timezone"":""America/New_York"",""url"":""http://www.mta.info""},""color"":""EE352E"",""description"":""via 5th Av / Av of Americas / Riverside Dr"",""id"":""MTA NYCT_M5"",""longName"":""George Washington Bridge - 31 St & 6 Av"",""shortName"":""M5"",""textColor"":""FFFFFF"",""type"":3,""url"":""""}, {""agency"":{""disclaimer"":"""",""email"":"""",""fareUrl"":"""",""id"":""MTA NYCT"",""lang"":""en"",""name"":""MTA New York City Transit"",""phone"":""718-330-1234"",""privateService"":false,""timezone"":""America/New_York"",""url"":""http://www.mta.info""},""color"":""6CBE45"",""description"":""via 5 Av & 6 Av"",""id"":""MTA NYCT_M55"",""longName"":""W 44 St  - South Ferry"",""shortName"":""M55"",""textColor"":""FFFFFF"",""type"":3,""url"":""""}, {""agency"":{""disclaimer"":"""",""email"":"""",""fareUrl"":"""",""id"":""MTA NYCT"",""lang"":""en"",""name"":""MTA New York City Transit"",""phone"":""718-330-1234"",""privateService"":false,""timezone"":""America/New_York"",""url"":""http://www.mta.info""},""color"":""00933C"",""description"":""via Hylan Bl"",""id"":""MTA NYCT_SIM10"",""longName"":""Eltingville - Midtown Manhattan Express"",""shortName"":""SIM10"",""textColor"":""FFFFFF"",""type"":3,""url"":""""}, {""agency"":{""disclaimer"":"""",""email"":"""",""fareUrl"":"""",""id"":""MTA NYCT"",""lang"":""en"",""name"":""MTA New York City Transit"",""phone"":""718-330-1234"",""privateService"":false,""timezone"":""America/New_York"",""url"":""http://www.mta.info""},""color"":""00933C"",""description"":""via Forest Hill Rd"",""id"":""MTA NYCT_SIM31"",""longName"":""Eltingville - Midtown Manhattan Express"",""shortName"":""SIM31"",""textColor"":""FFFFFF"",""type"":3,""url"":""""}]",UNKNOWN,1750950144269,f77710b8-2d2f-4ae8-803f-b99efb1c8a52
400324,SW,MTA_400324,40.747494,0,-73.985338,5 AV/W 33 ST,"[{""agency"":{""disclaimer"":"""",""email"":"""",""fareUrl"":"""",""id"":""MTABC"",""lang"":""EN"",""name"":""MTA Bus Company"",""phone"":"""",""privateService"":false,""timezone"":""America/New_York"",""url"":""http://www.mta.info""},""color"":""00933C"",""description"":""Via Bway / Sedgwick Av / 5Th & Madison"",""id"":""MTABC_BXM3"",""longName"":""Yonkers - Midtown"",""shortName"":""BxM3"",""textColor"":""FFFFFF"",""type"":3,""url"":""https://new.mta.info/schedules/bus""}, {""agency"":{""disclaimer"":"""",""email"":"""",""fareUrl"":"""",""id"":""MTABC"",""lang"":""EN"",""name"":""MTA Bus Company"",""phone"":"""",""privateService"":false,""timezone"":""America/New_York"",""url"":""http://www.mta.info""},""color"":""00933C"",""description"":""Via Katonah Av / Grand Concourse"",""id"":""MTABC_BXM4"",""longName"":""Woodlawn - Midtown"",""shortName"":""BxM4"",""textColor"":""FFFFFF"",""type"":3,""url"":""https://new.mta.info/schedules/bus""}, {""agency"":{""disclaimer"":"""",""email"":"""",""fareUrl"":"""",""id"":""MTA NYCT"",""lang"":""en"",""name"":""MTA New York City Transit"",""phone"":""718-330-1234"",""privateService"":false,""timezone"":""America/New_York"",""url"":""http://www.mta.info""},""color"":""EE352E"",""description"":""via 5th Av / Madison Av"",""id"":""MTA NYCT_M1"",""longName"":""Harlem - East Village"",""shortName"":""M1"",""textColor"":""FFFFFF"",""type"":3,""url"":""""}, {""agency"":{""disclaimer"":"""",""email"":"""",""fareUrl"":"""",""id"":""MTA NYCT"",""lang"":""en"",""name"":""MTA New York City Transit"",""phone"":""718-330-1234"",""privateService"":false,""timezone"":""America/New_York"",""url"":""http://www.mta.info""},""color"":""B933AD"",""description"":""via 5th Av / Madison Av / AC Powell Blvd"",""id"":""MTA NYCT_M2"",""longName"":""Washington Heights - East Village"",""shortName"":""M2"",""textColor"":""FFFFFF"",""type"":3,""url"":""""}, {""agency"":{""disclaimer"":"""",""email"":"""",""fareUrl"":"""",""id"":""MTA NYCT"",""lang"":""en"",""name"":""MTA New York City Transit"",""phone"":""718-330-1234"",""privateService"":false,""timezone"":""America/New_York"",""url"":""http://www.mta.info""},""color"":""B933AD"",""description"":""via 5th Av / Madison Av / St Nicholas Av"",""id"":""MTA NYCT_M3"",""longName"":""Fort George - East Village"",""shortName"":""M3"",""textColor"":""FFFFFF"",""type"":3,""url"":""""}, {""agency"":{""disclaimer"":"""",""email"":"""",""fareUrl"":"""",""id"":""MTA NYCT"",""lang"":""en"",""name"":""MTA New York City Transit"",""phone"":""718-330-1234"",""privateService"":false,""timezone"":""America/New_York"",""url"":""http://www.mta.info""},""color"":""EE352E"",""description"":""via 5th Av / Av of Americas / Riverside Dr"",""id"":""MTA NYCT_M5"",""longName"":""George Washington Bridge - 31 St & 6 Av"",""shortName"":""M5"",""textColor"":""FFFFFF"",""type"":3,""url"":""""}, {""agency"":{""disclaimer"":"""",""email"":"""",""fareUrl"":"""",""id"":""MTA NYCT"",""lang"":""en"",""name"":""MTA New York City Transit"",""phone"":""718-330-1234"",""privateService"":false,""timezone"":""America/New_York"",""url"":""http://www.mta.info""},""color"":""6CBE45"",""description"":""via 5 Av & 6 Av"",""id"":""MTA NYCT_M55"",""longName"":""W 44 St  - South Ferry"",""shortName"":""M55"",""textColor"":""FFFFFF"",""type"":3,""url"":""""}, {""agency"":{""disclaimer"":"""",""email"":"""",""fareUrl"":"""",""id"":""MTA NYCT"",""lang"":""en"",""name"":""MTA New York City Transit"",""phone"":""718-330-1234"",""privateService"":false,""timezone"":""America/New_York"",""url"":""http://www.mta.info""},""color"":""00933C"",""description"":""via Hillside Av / Queens Bl"",""id"":""MTA NYCT_X68"",""longName"":""Floral Park - Midtown Manhattan Express"",""shortName"":""X68"",""textColor"":""FFFFFF"",""type"":3,""url"":""""}]",UNKNOWN,1750950144275,e9e1d7c8-6ab3-424f-b4c0-838196c21a32
400325,SW,MTA_400325,40.746263,0,-73.986268,5 AV/W 31 ST,"[{""agency"":{""disclaimer"":"""",""email"":"""",""fareUrl"":"""",""id"":""MTA NYCT"",""lang"":""en"",""name"":""MTA New York City Transit"",""phone"":""718-330-1234"",""privateService"":false,""timezone"":""America/New_York"",""url"":""http://www.mta.info""},""color"":""EE352E"",""description"":""via 5th Av / Madison Av"",""id"":""MTA NYCT_M1"",""longName"":""Harlem - East Village"",""shortName"":""M1"",""textColor"":""FFFFFF"",""type"":3,""url"":""""}, {""agency"":{""disclaimer"":"""",""email"":"""",""fareUrl"":"""",""id"":""MTA NYCT"",""lang"":""en"",""name"":""MTA New York City Transit"",""phone"":""718-330-1234"",""privateService"":false,""timezone"":""America/New_York"",""url"":""http://www.mta.info""},""color"":""B933AD"",""description"":""via 5th Av / Madison Av / AC Powell Blvd"",""id"":""MTA NYCT_M2"",""longName"":""Washington Heights - East Village"",""shortName"":""M2"",""textColor"":""FFFFFF"",""type"":3,""url"":""""}, {""agency"":{""disclaimer"":"""",""email"":"""",""fareUrl"":"""",""id"":""MTA NYCT"",""lang"":""en"",""name"":""MTA New York City Transit"",""phone"":""718-330-1234"",""privateService"":false,""timezone"":""America/New_York"",""url"":""http://www.mta.info""},""color"":""B933AD"",""description"":""via 5th Av / Madison Av / St Nicholas Av"",""id"":""MTA NYCT_M3"",""longName"":""Fort George - East Village"",""shortName"":""M3"",""textColor"":""FFFFFF"",""type"":3,""url"":""""}, {""agency"":{""disclaimer"":"""",""email"":"""",""fareUrl"":"""",""id"":""MTA NYCT"",""lang"":""en"",""name"":""MTA New York City Transit"",""phone"":""718-330-1234"",""privateService"":false,""timezone"":""America/New_York"",""url"":""http://www.mta.info""},""color"":""6CBE45"",""description"":""via 5 Av & 6 Av"",""id"":""MTA NYCT_M55"",""longName"":""W 44 St  - South Ferry"",""shortName"":""M55"",""textColor"":""FFFFFF"",""type"":3,""url"":""""}]",UNKNOWN,1750950144277,e018eef4-b290-4f0a-a5b9-d12cbaeb1303
400353,NE,MTA_400353,40.746763,0,-73.983626,MADISON AV/E 32 ST,"[{""agency"":{""disclaimer"":"""",""email"":"""",""fareUrl"":"""",""id"":""MTABC"",""lang"":""EN"",""name"":""MTA Bus Company"",""phone"":"""",""privateService"":false,""timezone"":""America/New_York"",""url"":""http://www.mta.info""},""color"":""00933C"",""description"":""Via White Plains Rd / 5Th & Madison Av"",""id"":""MTABC_BXM11"",""longName"":""Wakefield - Midtown"",""shortName"":""BxM11"",""textColor"":""FFFFFF"",""type"":3,""url"":""https://new.mta.info/schedules/bus""}, {""agency"":{""disclaimer"":"""",""email"":"""",""fareUrl"":"""",""id"":""MTA NYCT"",""lang"":""en"",""name"":""MTA New York City Transit"",""phone"":""718-330-1234"",""privateService"":false,""timezone"":""America/New_York"",""url"":""http://www.mta.info""},""color"":""00AEEF"",""description"":""via 5th Av / Madison Av / Broadway / Ft.Washington Av"",""id"":""MTA NYCT_M4"",""longName"":""The Cloisters - 32 St"",""shortName"":""M4"",""textColor"":""FFFFFF"",""type"":3,""url"":""""}, {""agency"":{""disclaimer"":"""",""email"":"""",""fareUrl"":"""",""id"":""MTA NYCT"",""lang"":""en"",""name"":""MTA New York City Transit"",""phone"":""718-330-1234"",""privateService"":false,""timezone"":""America/New_York"",""url"":""http://www.mta.info""},""color"":""00AEEF"",""description"":""via Roosevelt Av / Queens Blvd / Fifth Av / Madison Av"",""id"":""MTA NYCT_Q32"",""longName"":""Jackson Heights - Penn Station"",""shortName"":""Q32"",""textColor"":""FFFFFF"",""type"":3,""url"":""""}]",UNKNOWN,1750950144278,02f46b5f-e542-4e18-89f6-ddb238052fe7
400555,SE,MTA_400555,40.746998,0,-73.985295,E 32 ST/5 AV,"[{""agency"":{""disclaimer"":"""",""email"":"""",""fareUrl"":"""",""id"":""MTA NYCT"",""lang"":""en"",""name"":""MTA New York City Transit"",""phone"":""718-330-1234"",""privateService"":false,""timezone"":""America/New_York"",""url"":""http://www.mta.info""},""color"":""00AEEF"",""description"":""via Roosevelt Av / Queens Blvd / Fifth Av / Madison Av"",""id"":""MTA NYCT_Q32"",""longName"":""Jackson Heights - Penn Station"",""shortName"":""Q32"",""textColor"":""FFFFFF"",""type"":3,""url"":""""}]",UNKNOWN,1750950144279,e9bd6151-de70-4a42-9b43-171d8059ca9e
400715,W,MTA_400715,40.749773,0,-73.98753,W 34 ST/6 AV,"[{""agency"":{""disclaimer"":"""",""email"":"""",""fareUrl"":"""",""id"":""MTA NYCT"",""lang"":""en"",""name"":""MTA New York City Transit"",""phone"":""718-330-1234"",""privateService"":false,""timezone"":""America/New_York"",""url"":""http://www.mta.info""},""color"":""00933C"",""description"":""via Arden Av"",""id"":""MTA NYCT_SIM23"",""longName"":""Annadale - Midtown Manhattan Express"",""shortName"":""SIM23"",""textColor"":""FFFFFF"",""type"":3,""url"":""""}, {""agency"":{""disclaimer"":"""",""email"":"""",""fareUrl"":"""",""id"":""MTA NYCT"",""lang"":""en"",""name"":""MTA New York City Transit"",""phone"":""718-330-1234"",""privateService"":false,""timezone"":""America/New_York"",""url"":""http://www.mta.info""},""color"":""00933C"",""description"":""via Huguenot Av"",""id"":""MTA NYCT_SIM24"",""longName"":""Prince's Bay - Midtown Manhattan Express"",""shortName"":""SIM24"",""textColor"":""FFFFFF"",""type"":3,""url"":""""}]",UNKNOWN,1750950144282,b16d69c2-512f-427d-b170-e776dccc7b98
400716,NW,MTA_400716,40.749982,0,-73.98805,W 34 ST/BROADWAY,"[{""agency"":{""disclaimer"":"""",""email"":"""",""fareUrl"":"""",""id"":""MTA NYCT"",""lang"":""en"",""name"":""MTA New York City Transit"",""phone"":""718-330-1234"",""privateService"":false,""timezone"":""America/New_York"",""url"":""http://www.mta.info""},""color"":""006CB7"",""description"":""Select Bus Service via 34th St Crosstown"",""id"":""MTA NYCT_M34A+"",""longName"":""Waterside - Port Authority Terminal"",""shortName"":""M34A-SBS"",""textColor"":""FFFFFF"",""type"":3,""url"":""""}, {""agency"":{""disclaimer"":"""",""email"":"""",""fareUrl"":"""",""id"":""MTA NYCT"",""lang"":""en"",""name"":""MTA New York City Transit"",""phone"":""718-330-1234"",""privateService"":false,""timezone"":""America/New_York"",""url"":""http://www.mta.info""},""color"":""006CB7"",""description"":""Select Bus Service via 34th St Crosstown"",""id"":""MTA NYCT_M34+"",""longName"":""East Side - Javits Center"",""shortName"":""M34-SBS"",""textColor"":""FFFFFF"",""type"":3,""url"":""""}]",UNKNOWN,1750950144283,92bf0d5f-cd38-4f96-ad35-a57d10819e98
400933,NE,MTA_400933,40.74986,0,-73.987669,6 AV/W 34 ST,"[{""agency"":{""disclaimer"":"""",""email"":"""",""fareUrl"":"""",""id"":""MTA NYCT"",""lang"":""en"",""name"":""MTA New York City Transit"",""phone"":""718-330-1234"",""privateService"":false,""timezone"":""America/New_York"",""url"":""http://www.mta.info""},""color"":""EE352E"",""description"":""via 5th Av / Av of Americas / Riverside Dr"",""id"":""MTA NYCT_M5"",""longName"":""George Washington Bridge - 31 St & 6 Av"",""shortName"":""M5"",""textColor"":""FFFFFF"",""type"":3,""url"":""""}, {""agency"":{""disclaimer"":"""",""email"":"""",""fareUrl"":"""",""id"":""MTA NYCT"",""lang"":""en"",""name"":""MTA New York City Transit"",""phone"":""718-330-1234"",""privateService"":false,""timezone"":""America/New_York"",""url"":""http://www.mta.info""},""color"":""00AEEF"",""description"":""via Columbus / Amsterdam / 6 & 7 Av / Bway"",""id"":""MTA NYCT_M7"",""longName"":""Harlem - 14th Street"",""shortName"":""M7"",""textColor"":""FFFFFF"",""type"":3,""url"":""""}, {""agency"":{""disclaimer"":"""",""email"":"""",""fareUrl"":"""",""id"":""MTA NYCT"",""lang"":""en"",""name"":""MTA New York City Transit"",""phone"":""718-330-1234"",""privateService"":false,""timezone"":""America/New_York"",""url"":""http://www.mta.info""},""color"":""6CBE45"",""description"":""via 5 Av & 6 Av"",""id"":""MTA NYCT_M55"",""longName"":""W 44 St  - South Ferry"",""shortName"":""M55"",""textColor"":""FFFFFF"",""type"":3,""url"":""""}, {""agency"":{""disclaimer"":"""",""email"":"""",""fareUrl"":"""",""id"":""MTA NYCT"",""lang"":""en"",""name"":""MTA New York City Transit"",""phone"":""718-330-1234"",""privateService"":false,""timezone"":""America/New_York"",""url"":""http://www.mta.info""},""color"":""00933C"",""description"":""via Hylan Bl / Richmond Av"",""id"":""MTA NYCT_SIM1C"",""longName"":""Eltingville - Manhattan Express"",""shortName"":""SIM1C"",""textColor"":""FFFFFF"",""type"":3,""url"":""""}, {""agency"":{""disclaimer"":"""",""email"":"""",""fareUrl"":"""",""id"":""MTA NYCT"",""lang"":""en"",""name"":""MTA New York City Transit"",""phone"":""718-330-1234"",""privateService"":false,""timezone"":""America/New_York"",""url"":""http://www.mta.info""},""color"":""00933C"",""description"":""via Watchogue Rd"",""id"":""MTA NYCT_SIM3"",""longName"":""Pt. Richmond - Midtown Manhattan Express"",""shortName"":""SIM3"",""textColor"":""FFFFFF"",""type"":3,""url"":""""}, {""agency"":{""disclaimer"":"""",""email"":"""",""fareUrl"":"""",""id"":""MTA NYCT"",""lang"":""en"",""name"":""MTA New York City Transit"",""phone"":""718-330-1234"",""privateService"":false,""timezone"":""America/New_York"",""url"":""http://www.mta.info""},""color"":""00933C"",""description"":""via Watchogue Rd"",""id"":""MTA NYCT_SIM3C"",""longName"":""Pt. Richmond - Manhattan Express"",""shortName"":""SIM3C"",""textColor"":""FFFFFF"",""type"":3,""url"":""""}, {""agency"":{""disclaimer"":"""",""email"":"""",""fareUrl"":"""",""id"":""MTA NYCT"",""lang"":""en"",""name"":""MTA New York City Transit"",""phone"":""718-330-1234"",""privateService"":false,""timezone"":""America/New_York"",""url"":""http://www.mta.info""},""color"":""00933C"",""description"":""via Hylan Bl"",""id"":""MTA NYCT_SIM10"",""longName"":""Eltingville - Midtown Manhattan Express"",""shortName"":""SIM10"",""textColor"":""FFFFFF"",""type"":3,""url"":""""}]",UNKNOWN,1750950144284,5f152cdf-7d33-43e6-b712-62e8a486d606
401821,E,MTA_401821,40.749624,0,-73.987617,W 34 ST/BROADWAY,"[{""agency"":{""disclaimer"":"""",""email"":"""",""fareUrl"":"""",""id"":""MTA NYCT"",""lang"":""en"",""name"":""MTA New York City Transit"",""phone"":""718-330-1234"",""privateService"":false,""timezone"":""America/New_York"",""url"":""http://www.mta.info""},""color"":""006CB7"",""description"":""Select Bus Service via 34th St Crosstown"",""id"":""MTA NYCT_M34A+"",""longName"":""Waterside - Port Authority Terminal"",""shortName"":""M34A-SBS"",""textColor"":""FFFFFF"",""type"":3,""url"":""""}, {""agency"":{""disclaimer"":"""",""email"":"""",""fareUrl"":"""",""id"":""MTA NYCT"",""lang"":""en"",""name"":""MTA New York City Transit"",""phone"":""718-330-1234"",""privateService"":false,""timezone"":""America/New_York"",""url"":""http://www.mta.info""},""color"":""006CB7"",""description"":""Select Bus Service via 34th St Crosstown"",""id"":""MTA NYCT_M34+"",""longName"":""East Side - Javits Center"",""shortName"":""M34-SBS"",""textColor"":""FFFFFF"",""type"":3,""url"":""""}, {""agency"":{""disclaimer"":"""",""email"":"""",""fareUrl"":"""",""id"":""MTA NYCT"",""lang"":""en"",""name"":""MTA New York City Transit"",""phone"":""718-330-1234"",""privateService"":false,""timezone"":""America/New_York"",""url"":""http://www.mta.info""},""color"":""00933C"",""description"":""via Arden Av"",""id"":""MTA NYCT_SIM23"",""longName"":""Annadale - Midtown Manhattan Express"",""shortName"":""SIM23"",""textColor"":""FFFFFF"",""type"":3,""url"":""""}, {""agency"":{""disclaimer"":"""",""email"":"""",""fareUrl"":"""",""id"":""MTA NYCT"",""lang"":""en"",""name"":""MTA New York City Transit"",""phone"":""718-330-1234"",""privateService"":false,""timezone"":""America/New_York"",""url"":""http://www.mta.info""},""color"":""00933C"",""description"":""via Huguenot Av"",""id"":""MTA NYCT_SIM24"",""longName"":""Prince's Bay - Midtown Manhattan Express"",""shortName"":""SIM24"",""textColor"":""FFFFFF"",""type"":3,""url"":""""}]",UNKNOWN,1750950144288,10ffc50b-2bdb-4bea-88cd-a4c619566550
401822,SE,MTA_401822,40.748192,0,-73.984134,E 34 ST/5 AV,"[{""agency"":{""disclaimer"":"""",""email"":"""",""fareUrl"":"""",""id"":""MTABC"",""lang"":""EN"",""name"":""MTA Bus Company"",""phone"":"""",""privateService"":false,""timezone"":""America/New_York"",""url"":""http://www.mta.info""},""color"":""00933C"",""description"":""Via Pennsylvania Av / Linden Blvd / Woodhaven Blvd"",""id"":""MTABC_BM5"",""longName"":""Spring Creek - Midtown"",""shortName"":""BM5"",""textColor"":""FFFFFF"",""type"":3,""url"":""https://new.mta.info/schedules/bus""}, {""agency"":{""disclaimer"":"""",""email"":"""",""fareUrl"":"""",""id"":""MTA NYCT"",""lang"":""en"",""name"":""MTA New York City Transit"",""phone"":""718-330-1234"",""privateService"":false,""timezone"":""America/New_York"",""url"":""http://www.mta.info""},""color"":""006CB7"",""description"":""Select Bus Service via 34th St Crosstown"",""id"":""MTA NYCT_M34A+"",""longName"":""Waterside - Port Authority Terminal"",""shortName"":""M34A-SBS"",""textColor"":""FFFFFF"",""type"":3,""url"":""""}, {""agency"":{""disclaimer"":"""",""email"":"""",""fareUrl"":"""",""id"":""MTA NYCT"",""lang"":""en"",""name"":""MTA New York City Transit"",""phone"":""718-330-1234"",""privateService"":false,""timezone"":""America/New_York"",""url"":""http://www.mta.info""},""color"":""006CB7"",""description"":""Select Bus Service via 34th St Crosstown"",""id"":""MTA NYCT_M34+"",""longName"":""East Side - Javits Center"",""shortName"":""M34-SBS"",""textColor"":""FFFFFF"",""type"":3,""url"":""""}, {""agency"":{""disclaimer"":"""",""email"":"""",""fareUrl"":"""",""id"":""MTA NYCT"",""lang"":""en"",""name"":""MTA New York City Transit"",""phone"":""718-330-1234"",""privateService"":false,""timezone"":""America/New_York"",""url"":""http://www.mta.info""},""color"":""00933C"",""description"":""via Arden Av"",""id"":""MTA NYCT_SIM23"",""longName"":""Annadale - Midtown Manhattan Express"",""shortName"":""SIM23"",""textColor"":""FFFFFF"",""type"":3,""url"":""""}, {""agency"":{""disclaimer"":"""",""email"":"""",""fareUrl"":"""",""id"":""MTA NYCT"",""lang"":""en"",""name"":""MTA New York City Transit"",""phone"":""718-330-1234"",""privateService"":false,""timezone"":""America/New_York"",""url"":""http://www.mta.info""},""color"":""00933C"",""description"":""via Huguenot Av"",""id"":""MTA NYCT_SIM24"",""longName"":""Prince's Bay - Midtown Manhattan Express"",""shortName"":""SIM24"",""textColor"":""FFFFFF"",""type"":3,""url"":""""}]",UNKNOWN,1750950144288,d4008912-9b8c-4f95-a9fa-f99c7042fa9c
401844,NW,MTA_401844,40.748672,0,-73.98491,W 34 ST/5 AV,"[{""agency"":{""disclaimer"":"""",""email"":"""",""fareUrl"":"""",""id"":""MTABC"",""lang"":""EN"",""name"":""MTA Bus Company"",""phone"":"""",""privateService"":false,""timezone"":""America/New_York"",""url"":""http://www.mta.info""},""color"":""00933C"",""description"":""Via 188Th St / Union Turnpike"",""id"":""MTABC_QM1"",""longName"":""Fresh Meadows - Midtown Via 6Th Av"",""shortName"":""QM1"",""textColor"":""FFFFFF"",""type"":3,""url"":""https://new.mta.info/schedules/bus""}, {""agency"":{""disclaimer"":"""",""email"":"""",""fareUrl"":"""",""id"":""MTABC"",""lang"":""EN"",""name"":""MTA Bus Company"",""phone"":"""",""privateService"":false,""timezone"":""America/New_York"",""url"":""http://www.mta.info""},""color"":""00933C"",""description"":""Via Cross Island Pkwy / Whitestone Expwy"",""id"":""MTABC_QM2"",""longName"":""Bay Terrace - Midtown Via 6Th Av"",""shortName"":""QM2"",""textColor"":""FFFFFF"",""type"":3,""url"":""https://new.mta.info/schedules/bus""}, {""agency"":{""disclaimer"":"""",""email"":"""",""fareUrl"":"""",""id"":""MTABC"",""lang"":""EN"",""name"":""MTA Bus Company"",""phone"":"""",""privateService"":false,""timezone"":""America/New_York"",""url"":""http://www.mta.info""},""color"":""00933C"",""description"":""Via Northern Blvd"",""id"":""MTABC_QM3"",""longName"":""Little Neck - Midtown"",""shortName"":""QM3"",""textColor"":""FFFFFF"",""type"":3,""url"":""https://new.mta.info/schedules/bus""}, {""agency"":{""disclaimer"":"""",""email"":"""",""fareUrl"":"""",""id"":""MTABC"",""lang"":""EN"",""name"":""MTA Bus Company"",""phone"":"""",""privateService"":false,""timezone"":""America/New_York"",""url"":""http://www.mta.info""},""color"":""00933C"",""description"":""Via Jewel Av"",""id"":""MTABC_QM4"",""longName"":""Electchester - Midtown Via 6Th Av"",""shortName"":""QM4"",""textColor"":""FFFFFF"",""type"":3,""url"":""https://new.mta.info/schedules/bus""}, {""agency"":{""disclaimer"":"""",""email"":"""",""fareUrl"":"""",""id"":""MTABC"",""lang"":""EN"",""name"":""MTA Bus Company"",""phone"":"""",""privateService"":false,""timezone"":""America/New_York"",""url"":""http://www.mta.info""},""color"":""00933C"",""description"":""Via Horace Harding Expwy / 73Rd Av / Union Turnpike"",""id"":""MTABC_QM5"",""longName"":""Glen Oaks - Midtown Via 6Th Av"",""shortName"":""QM5"",""textColor"":""FFFFFF"",""type"":3,""url"":""https://new.mta.info/schedules/bus""}, {""agency"":{""disclaimer"":"""",""email"":"""",""fareUrl"":"""",""id"":""MTABC"",""lang"":""EN"",""name"":""MTA Bus Company"",""phone"":"""",""privateService"":false,""timezone"":""America/New_York"",""url"":""http://www.mta.info""},""color"":""00933C"",""description"":""Via North Shore Towers / Union Turnpike"",""id"":""MTABC_QM6"",""longName"":""Lake Success - Midtown Via 6Th Av"",""shortName"":""QM6"",""textColor"":""FFFFFF"",""type"":3,""url"":""https://new.mta.info/schedules/bus""}, {""agency"":{""disclaimer"":"""",""email"":"""",""fareUrl"":"""",""id"":""MTABC"",""lang"":""EN"",""name"":""MTA Bus Company"",""phone"":"""",""privateService"":false,""timezone"":""America/New_York"",""url"":""http://www.mta.info""},""color"":""00933C"",""description"":""Via 63Rd Rd / 57Th Av"",""id"":""MTABC_QM10"",""longName"":""Lefrak City - Midtown Via 6Th Av"",""shortName"":""QM10"",""textColor"":""FFFFFF"",""type"":3,""url"":""https://new.mta.info/schedules/bus""}, {""agency"":{""disclaimer"":"""",""email"":"""",""fareUrl"":"""",""id"":""MTABC"",""lang"":""EN"",""name"":""MTA Bus Company"",""phone"":"""",""privateService"":false,""timezone"":""America/New_York"",""url"":""http://www.mta.info""},""color"":""00933C"",""description"":""Via Yellowstone Blvd"",""id"":""MTABC_QM12"",""longName"":""Forest Hills - Midtown Via 6Th Av"",""shortName"":""QM12"",""textColor"":""FFFFFF"",""type"":3,""url"":""https://new.mta.info/schedules/bus""}, {""agency"":{""disclaimer"":"""",""email"":"""",""fareUrl"":"""",""id"":""MTABC"",""lang"":""EN"",""name"":""MTA Bus Company"",""phone"":"""",""privateService"":false,""timezone"":""America/New_York"",""url"":""http://www.mta.info""},""color"":""00933C"",""description"":""Via 157Th Av / Woodhaven Blvd"",""id"":""MTABC_QM15"",""longName"":""Lindenwood - Midtown Express"",""shortName"":""QM15"",""textColor"":""FFFFFF"",""type"":3,""url"":""https://new.mta.info/schedules/bus""}, {""agency"":{""disclaimer"":"""",""email"":"""",""fareUrl"":"""",""id"":""MTABC"",""lang"":""EN"",""name"":""MTA Bus Company"",""phone"":"""",""privateService"":false,""timezone"":""America/New_York"",""url"":""http://www.mta.info""},""color"":""00933C"",""description"":""Via Rockaway Beach Blvd / Cross Bay Blvd"",""id"":""MTABC_QM16"",""longName"":""Neponsit - Midtown Express"",""shortName"":""QM16"",""textColor"":""FFFFFF"",""type"":3,""url"":""https://new.mta.info/schedules/bus""}, {""agency"":{""disclaimer"":"""",""email"":"""",""fareUrl"":"""",""id"":""MTABC"",""lang"":""EN"",""name"":""MTA Bus Company"",""phone"":"""",""privateService"":false,""timezone"":""America/New_York"",""url"":""http://www.mta.info""},""color"":""00933C"",""description"":""Via Beach Channel Dr / Rockaway Beach Blvd / Cross Bay Blvd"",""id"":""MTABC_QM17"",""longName"":""Far Rockaway - Midtown Express"",""shortName"":""QM17"",""textColor"":""FFFFFF"",""type"":3,""url"":""https://new.mta.info/schedules/bus""}, {""agency"":{""disclaimer"":"""",""email"":"""",""fareUrl"":"""",""id"":""MTABC"",""lang"":""EN"",""name"":""MTA Bus Company"",""phone"":"""",""privateService"":false,""timezone"":""America/New_York"",""url"":""http://www.mta.info""},""color"":""00933C"",""description"":""Via Lefferts Blvd / Queens Blvd"",""id"":""MTABC_QM18"",""longName"":""South Ozone Park - Midtown Express"",""shortName"":""QM18"",""textColor"":""FFFFFF"",""type"":3,""url"":""https://new.mta.info/schedules/bus""}, {""agency"":{""disclaimer"":"""",""email"":"""",""fareUrl"":"""",""id"":""MTABC"",""lang"":""EN"",""name"":""MTA Bus Company"",""phone"":"""",""privateService"":false,""timezone"":""America/New_York"",""url"":""http://www.mta.info""},""color"":""00933C"",""description"":""Via 26Th Av / Utopia Pkwy / Willets Point Blvd / Mitchell Gardens"",""id"":""MTABC_QM20"",""longName"":""Bay Terrace - Midtown"",""shortName"":""QM20"",""textColor"":""FFFFFF"",""type"":3,""url"":""https://new.mta.info/schedules/bus""}, {""agency"":{""disclaimer"":"""",""email"":"""",""fareUrl"":"""",""id"":""MTABC"",""lang"":""EN"",""name"":""MTA Bus Company"",""phone"":"""",""privateService"":false,""timezone"":""America/New_York"",""url"":""http://www.mta.info""},""color"":""00933C"",""description"":""Via Myrtle Av / Fresh Pond Rd / Eliot Av"",""id"":""MTABC_QM24"",""longName"":""Glendale - Midtown Via 6Th Av"",""shortName"":""QM24"",""textColor"":""FFFFFF"",""type"":3,""url"":""https://new.mta.info/schedules/bus""}, {""agency"":{""disclaimer"":"""",""email"":"""",""fareUrl"":"""",""id"":""MTA NYCT"",""lang"":""en"",""name"":""MTA New York City Transit"",""phone"":""718-330-1234"",""privateService"":false,""timezone"":""America/New_York"",""url"":""http://www.mta.info""},""color"":""00933C"",""description"":""via Arden Av"",""id"":""MTA NYCT_SIM23"",""longName"":""Annadale - Midtown Manhattan Express"",""shortName"":""SIM23"",""textColor"":""FFFFFF"",""type"":3,""url"":""""}, {""agency"":{""disclaimer"":"""",""email"":"""",""fareUrl"":"""",""id"":""MTA NYCT"",""lang"":""en"",""name"":""MTA New York City Transit"",""phone"":""718-330-1234"",""privateService"":false,""timezone"":""America/New_York"",""url"":""http://www.mta.info""},""color"":""00933C"",""description"":""via Huguenot Av"",""id"":""MTA NYCT_SIM24"",""longName"":""Prince's Bay - Midtown Manhattan Express"",""shortName"":""SIM24"",""textColor"":""FFFFFF"",""type"":3,""url"":""""}]",UNKNOWN,1750950144289,a322569b-72cd-4d9e-9adc-826e699f121f
403539,SE,MTA_403539,40.748116,0,-73.987904,W 32 ST/BROADWAY,"[{""agency"":{""disclaimer"":"""",""email"":"""",""fareUrl"":"""",""id"":""MTA NYCT"",""lang"":""en"",""name"":""MTA New York City Transit"",""phone"":""718-330-1234"",""privateService"":false,""timezone"":""America/New_York"",""url"":""http://www.mta.info""},""color"":""00AEEF"",""description"":""via Roosevelt Av / Queens Blvd / Fifth Av / Madison Av"",""id"":""MTA NYCT_Q32"",""longName"":""Jackson Heights - Penn Station"",""shortName"":""Q32"",""textColor"":""FFFFFF"",""type"":3,""url"":""""}]",UNKNOWN,1750950144290,e751c344-6aaa-4c67-87a0-6b72cd3f757d
404206,SW,MTA_404206,40.747215,0,-73.985526,5 AV/W 32 ST,"[{""agency"":{""disclaimer"":"""",""email"":"""",""fareUrl"":"""",""id"":""MTA NYCT"",""lang"":""en"",""name"":""MTA New York City Transit"",""phone"":""718-330-1234"",""privateService"":false,""timezone"":""America/New_York"",""url"":""http://www.mta.info""},""color"":""00933C"",""description"":""via Hylan Bl / Richmond Av"",""id"":""MTA NYCT_SIM1C"",""longName"":""Eltingville - Manhattan Express"",""shortName"":""SIM1C"",""textColor"":""FFFFFF"",""type"":3,""url"":""""}, {""agency"":{""disclaimer"":"""",""email"":"""",""fareUrl"":"""",""id"":""MTA NYCT"",""lang"":""en"",""name"":""MTA New York City Transit"",""phone"":""718-330-1234"",""privateService"":false,""timezone"":""America/New_York"",""url"":""http://www.mta.info""},""color"":""00933C"",""description"":""via Watchogue Rd"",""id"":""MTA NYCT_SIM3"",""longName"":""Pt. Richmond - Midtown Manhattan Express"",""shortName"":""SIM3"",""textColor"":""FFFFFF"",""type"":3,""url"":""""}, {""agency"":{""disclaimer"":"""",""email"":"""",""fareUrl"":"""",""id"":""MTA NYCT"",""lang"":""en"",""name"":""MTA New York City Transit"",""phone"":""718-330-1234"",""privateService"":false,""timezone"":""America/New_York"",""url"":""http://www.mta.info""},""color"":""00933C"",""description"":""via Watchogue Rd"",""id"":""MTA NYCT_SIM3C"",""longName"":""Pt. Richmond - Manhattan Express"",""shortName"":""SIM3C"",""textColor"":""FFFFFF"",""type"":3,""url"":""""}, {""agency"":{""disclaimer"":"""",""email"":"""",""fareUrl"":"""",""id"":""MTA NYCT"",""lang"":""en"",""name"":""MTA New York City Transit"",""phone"":""718-330-1234"",""privateService"":false,""timezone"":""America/New_York"",""url"":""http://www.mta.info""},""color"":""00933C"",""description"":""via Richmond Av"",""id"":""MTA NYCT_SIM4C"",""longName"":""Huguenot - Manhattan Express"",""shortName"":""SIM4C"",""textColor"":""FFFFFF"",""type"":3,""url"":""""}, {""agency"":{""disclaimer"":"""",""email"":"""",""fareUrl"":"""",""id"":""MTA NYCT"",""lang"":""en"",""name"":""MTA New York City Transit"",""phone"":""718-330-1234"",""privateService"":false,""timezone"":""America/New_York"",""url"":""http://www.mta.info""},""color"":""00933C"",""description"":""via N Gannon Av"",""id"":""MTA NYCT_SIM33C"",""longName"":""Mariners Harbor - Greenwich Village Express"",""shortName"":""SIM33C"",""textColor"":""FFFFFF"",""type"":3,""url"":""""}]",UNKNOWN,1750950144291,dbce8e17-2689-45c1-9bc4-24094611aa95
404297,NE,MTA_404297,40.746968,0,-73.983438,MADISON AV/E 33 ST,"[{""agency"":{""disclaimer"":"""",""email"":"""",""fareUrl"":"""",""id"":""MTA NYCT"",""lang"":""en"",""name"":""MTA New York City Transit"",""phone"":""718-330-1234"",""privateService"":false,""timezone"":""America/New_York"",""url"":""http://www.mta.info""},""color"":""00933C"",""description"":""via Merrick Bl / Francis Lewis Bl"",""id"":""MTA NYCT_X63"",""longName"":""Rosedale - Midtown Manhattan Express"",""shortName"":""X63"",""textColor"":""FFFFFF"",""type"":3,""url"":""""}, {""agency"":{""disclaimer"":"""",""email"":"""",""fareUrl"":"""",""id"":""MTA NYCT"",""lang"":""en"",""name"":""MTA New York City Transit"",""phone"":""718-330-1234"",""privateService"":false,""timezone"":""America/New_York"",""url"":""http://www.mta.info""},""color"":""00933C"",""description"":""via Linden Bl / Farmers Bl / Liberty Av"",""id"":""MTA NYCT_X64"",""longName"":""Cambria Heights - Midtown Manhattan Express"",""shortName"":""X64"",""textColor"":""FFFFFF"",""type"":3,""url"":""""}, {""agency"":{""disclaimer"":"""",""email"":"""",""fareUrl"":"""",""id"":""MTA NYCT"",""lang"":""en"",""name"":""MTA New York City Transit"",""phone"":""718-330-1234"",""privateService"":false,""timezone"":""America/New_York"",""url"":""http://www.mta.info""},""color"":""00933C"",""description"":""via Hillside Av / Queens Bl"",""id"":""MTA NYCT_X68"",""longName"":""Floral Park - Midtown Manhattan Express"",""shortName"":""X68"",""textColor"":""FFFFFF"",""type"":3,""url"":""""}]",UNKNOWN,1750950144291,fb64c87c-1e39-4f54-bef0-26d6735ed275
405049,SW,MTA_405049,40.748922,0,-73.984296,5 AV/W 35 ST,"[{""agency"":{""disclaimer"":"""",""email"":"""",""fareUrl"":"""",""id"":""MTABC"",""lang"":""EN"",""name"":""MTA Bus Company"",""phone"":"""",""privateService"":false,""timezone"":""America/New_York"",""url"":""http://www.mta.info""},""color"":""00933C"",""description"":""Via Edgewater Pk / Throgs Neck / Schuylerville"",""id"":""MTABC_BXM9"",""longName"":""Throgs Neck - Midtown"",""shortName"":""BxM9"",""textColor"":""FFFFFF"",""type"":3,""url"":""https://new.mta.info/schedules/bus""}, {""agency"":{""disclaimer"":"""",""email"":"""",""fareUrl"":"""",""id"":""MTABC"",""lang"":""EN"",""name"":""MTA Bus Company"",""phone"":"""",""privateService"":false,""timezone"":""America/New_York"",""url"":""http://www.mta.info""},""color"":""00933C"",""description"":""Via Eastchester / Morris Pk"",""id"":""MTABC_BXM10"",""longName"":""Williamsbridge/Morris Park - Midtown"",""shortName"":""BxM10"",""textColor"":""FFFFFF"",""type"":3,""url"":""https://new.mta.info/schedules/bus""}, {""agency"":{""disclaimer"":"""",""email"":"""",""fareUrl"":"""",""id"":""MTABC"",""lang"":""EN"",""name"":""MTA Bus Company"",""phone"":"""",""privateService"":false,""timezone"":""America/New_York"",""url"":""http://www.mta.info""},""color"":""00933C"",""description"":""Via White Plains Rd / 5Th & Madison Av"",""id"":""MTABC_BXM11"",""longName"":""Wakefield - Midtown"",""shortName"":""BxM11"",""textColor"":""FFFFFF"",""type"":3,""url"":""https://new.mta.info/schedules/bus""}, {""agency"":{""disclaimer"":"""",""email"":"""",""fareUrl"":"""",""id"":""MTA NYCT"",""lang"":""en"",""name"":""MTA New York City Transit"",""phone"":""718-330-1234"",""privateService"":false,""timezone"":""America/New_York"",""url"":""http://www.mta.info""},""color"":""00933C"",""description"":""via Shore Rd"",""id"":""MTA NYCT_X27"",""longName"":""Bay Ridge - Manhattan Express"",""shortName"":""X27"",""textColor"":""FFFFFF"",""type"":3,""url"":""""}, {""agency"":{""disclaimer"":"""",""email"":"""",""fareUrl"":"""",""id"":""MTA NYCT"",""lang"":""en"",""name"":""MTA New York City Transit"",""phone"":""718-330-1234"",""privateService"":false,""timezone"":""America/New_York"",""url"":""http://www.mta.info""},""color"":""00933C"",""description"":""via Surf Av / Cropsey Av"",""id"":""MTA NYCT_X28"",""longName"":""Sea Gate / Bensonhurst - Manhattan Express"",""shortName"":""X28"",""textColor"":""FFFFFF"",""type"":3,""url"":""""}, {""agency"":{""disclaimer"":"""",""email"":"""",""fareUrl"":"""",""id"":""MTA NYCT"",""lang"":""en"",""name"":""MTA New York City Transit"",""phone"":""718-330-1234"",""privateService"":false,""timezone"":""America/New_York"",""url"":""http://www.mta.info""},""color"":""00933C"",""description"":""via Shore Rd"",""id"":""MTA NYCT_X37"",""longName"":""Bay Ridge - Midtown Manhattan Express"",""shortName"":""X37"",""textColor"":""FFFFFF"",""type"":3,""url"":""""}, {""agency"":{""disclaimer"":"""",""email"":"""",""fareUrl"":"""",""id"":""MTA NYCT"",""lang"":""en"",""name"":""MTA New York City Transit"",""phone"":""718-330-1234"",""privateService"":false,""timezone"":""America/New_York"",""url"":""http://www.mta.info""},""color"":""00933C"",""description"":""via Surf Av / Cropsey Av"",""id"":""MTA NYCT_X38"",""longName"":""Sea Gate / Bensonhurst - Midtown Manhattan Express"",""shortName"":""X38"",""textColor"":""FFFFFF"",""type"":3,""url"":""""}]",UNKNOWN,1750950144291,77000584-c727-4423-b2e1-b775ed1806cd
405375,NW,MTA_405375,40.748399,0,-73.98435,E 34 ST/5 AV,"[{""agency"":{""disclaimer"":"""",""email"":"""",""fareUrl"":"""",""id"":""MTA NYCT"",""lang"":""en"",""name"":""MTA New York City Transit"",""phone"":""718-330-1234"",""privateService"":false,""timezone"":""America/New_York"",""url"":""http://www.mta.info""},""color"":""006CB7"",""description"":""Select Bus Service via 34th St Crosstown"",""id"":""MTA NYCT_M34A+"",""longName"":""Waterside - Port Authority Terminal"",""shortName"":""M34A-SBS"",""textColor"":""FFFFFF"",""type"":3,""url"":""""}, {""agency"":{""disclaimer"":"""",""email"":"""",""fareUrl"":"""",""id"":""MTA NYCT"",""lang"":""en"",""name"":""MTA New York City Transit"",""phone"":""718-330-1234"",""privateService"":false,""timezone"":""America/New_York"",""url"":""http://www.mta.info""},""color"":""006CB7"",""description"":""Select Bus Service via 34th St Crosstown"",""id"":""MTA NYCT_M34+"",""longName"":""East Side - Javits Center"",""shortName"":""M34-SBS"",""textColor"":""FFFFFF"",""type"":3,""url"":""""}]",UNKNOWN,1750950144292,6b060a5c-c230-485e-a268-561cb4fd2baf
405548,SE,MTA_405548,40.746891,0,-73.984976,E 32 ST/5 AV,"[{""agency"":{""disclaimer"":"""",""email"":"""",""fareUrl"":"""",""id"":""MTA NYCT"",""lang"":""en"",""name"":""MTA New York City Transit"",""phone"":""718-330-1234"",""privateService"":false,""timezone"":""America/New_York"",""url"":""http://www.mta.info""},""color"":""00AEEF"",""description"":""via 5th Av / Madison Av / Broadway / Ft.Washington Av"",""id"":""MTA NYCT_M4"",""longName"":""The Cloisters - 32 St"",""shortName"":""M4"",""textColor"":""FFFFFF"",""type"":3,""url"":""""}]",UNKNOWN,1750950144292,bbfc3da4-8e15-4ebd-ade4-873839ba2f17
450038,NE,MTA_450038,40.74722,0,-73.983266,MADISON AV/ E 33 ST,"[{""agency"":{""disclaimer"":"""",""email"":"""",""fareUrl"":"""",""id"":""MTABC"",""lang"":""EN"",""name"":""MTA Bus Company"",""phone"":"""",""privateService"":false,""timezone"":""America/New_York"",""url"":""http://www.mta.info""},""color"":""00933C"",""description"":""Via Riverdale / H. Hudsn / Bway & Trnty"",""id"":""MTABC_BXM18"",""longName"":""Riverdale - Downtown"",""shortName"":""BxM18"",""textColor"":""FFFFFF"",""type"":3,""url"":""https://new.mta.info/schedules/bus""}, {""agency"":{""disclaimer"":"""",""email"":"""",""fareUrl"":"""",""id"":""MTABC"",""lang"":""EN"",""name"":""MTA Bus Company"",""phone"":"""",""privateService"":false,""timezone"":""America/New_York"",""url"":""http://www.mta.info""},""color"":""00933C"",""description"":""Via Bedell St / Brewer Blvd / Linden Blvd."",""id"":""MTABC_QM21"",""longName"":""Rochdale Village - Midtown"",""shortName"":""QM21"",""textColor"":""FFFFFF"",""type"":3,""url"":""https://new.mta.info/schedules/bus""}]",UNKNOWN,1750950144292,549496c9-a9f8-4b9c-ac43-466c7b1c0fac
450055,SW,MTA_450055,40.748726,0,-73.984482,5 AV/W 34 ST,"[{""agency"":{""disclaimer"":"""",""email"":"""",""fareUrl"":"""",""id"":""MTABC"",""lang"":""EN"",""name"":""MTA Bus Company"",""phone"":"""",""privateService"":false,""timezone"":""America/New_York"",""url"":""http://www.mta.info""},""color"":""00933C"",""description"":""Via Metropolitan Oval / 5Th & Madison"",""id"":""MTABC_BXM6"",""longName"":""Parkchester - Midtown"",""shortName"":""BxM6"",""textColor"":""FFFFFF"",""type"":3,""url"":""https://new.mta.info/schedules/bus""}, {""agency"":{""disclaimer"":"""",""email"":"""",""fareUrl"":"""",""id"":""MTABC"",""lang"":""EN"",""name"":""MTA Bus Company"",""phone"":"""",""privateService"":false,""timezone"":""America/New_York"",""url"":""http://www.mta.info""},""color"":""00933C"",""description"":""Via Co-Op City Bl / Bartow / 5Th & Mad"",""id"":""MTABC_BXM7"",""longName"":""Co-Op City - Midtown"",""shortName"":""BxM7"",""textColor"":""FFFFFF"",""type"":3,""url"":""https://new.mta.info/schedules/bus""}, {""agency"":{""disclaimer"":"""",""email"":"""",""fareUrl"":"""",""id"":""MTABC"",""lang"":""EN"",""name"":""MTA Bus Company"",""phone"":"""",""privateService"":false,""timezone"":""America/New_York"",""url"":""http://www.mta.info""},""color"":""00933C"",""description"":""Via Bruckner Blvd / 5Th & Madison"",""id"":""MTABC_BXM8"",""longName"":""Pelham Bay/City Island - Midtown"",""shortName"":""BxM8"",""textColor"":""FFFFFF"",""type"":3,""url"":""https://new.mta.info/schedules/bus""}, {""agency"":{""disclaimer"":"""",""email"":"""",""fareUrl"":"""",""id"":""MTABC"",""lang"":""EN"",""name"":""MTA Bus Company"",""phone"":"""",""privateService"":false,""timezone"":""America/New_York"",""url"":""http://www.mta.info""},""color"":""00933C"",""description"":""Via Riverdale / H. Hudsn / Bway & Trnty"",""id"":""MTABC_BXM18"",""longName"":""Riverdale - Downtown"",""shortName"":""BxM18"",""textColor"":""FFFFFF"",""type"":3,""url"":""https://new.mta.info/schedules/bus""}]",UNKNOWN,1750950144296,0cd1bc9d-cdde-438f-9c0f-7adadb147353
450066,NE,MTA_450066,40.750341,0,-73.987222,6 AV/W 35 ST,"[{""agency"":{""disclaimer"":"""",""email"":"""",""fareUrl"":"""",""id"":""MTABC"",""lang"":""EN"",""name"":""MTA Bus Company"",""phone"":"""",""privateService"":false,""timezone"":""America/New_York"",""url"":""http://www.mta.info""},""color"":""00933C"",""description"":""Via Riverdale / H. Hudson / 6Th & 7Th Av"",""id"":""MTABC_BXM2"",""longName"":""Riverdale - West Midtown"",""shortName"":""BxM2"",""textColor"":""FFFFFF"",""type"":3,""url"":""https://new.mta.info/schedules/bus""}, {""agency"":{""disclaimer"":"""",""email"":"""",""fareUrl"":"""",""id"":""MTABC"",""lang"":""EN"",""name"":""MTA Bus Company"",""phone"":"""",""privateService"":false,""timezone"":""America/New_York"",""url"":""http://www.mta.info""},""color"":""00933C"",""description"":""Via 63Rd Rd / 57Th Av"",""id"":""MTABC_QM10"",""longName"":""Lefrak City - Midtown Via 6Th Av"",""shortName"":""QM10"",""textColor"":""FFFFFF"",""type"":3,""url"":""https://new.mta.info/schedules/bus""}, {""agency"":{""disclaimer"":"""",""email"":"""",""fareUrl"":"""",""id"":""MTABC"",""lang"":""EN"",""name"":""MTA Bus Company"",""phone"":"""",""privateService"":false,""timezone"":""America/New_York"",""url"":""http://www.mta.info""},""color"":""00933C"",""description"":""Via Yellowstone Blvd"",""id"":""MTABC_QM12"",""longName"":""Forest Hills - Midtown Via 6Th Av"",""shortName"":""QM12"",""textColor"":""FFFFFF"",""type"":3,""url"":""https://new.mta.info/schedules/bus""}, {""agency"":{""disclaimer"":"""",""email"":"""",""fareUrl"":"""",""id"":""MTABC"",""lang"":""EN"",""name"":""MTA Bus Company"",""phone"":"""",""privateService"":false,""timezone"":""America/New_York"",""url"":""http://www.mta.info""},""color"":""00933C"",""description"":""Via Myrtle Av / Fresh Pond Rd / Eliot Av"",""id"":""MTABC_QM24"",""longName"":""Glendale - Midtown Via 6Th Av"",""shortName"":""QM24"",""textColor"":""FFFFFF"",""type"":3,""url"":""https://new.mta.info/schedules/bus""}]",UNKNOWN,1750950144296,a0e5b176-b191-4ddb-bdf4-4b2d3980453b
450087,NE,MTA_450087,40.745963,0,-73.984146,MADISON AV/E 31 ST,"[{""agency"":{""disclaimer"":"""",""email"":"""",""fareUrl"":"""",""id"":""MTABC"",""lang"":""EN"",""name"":""MTA Bus Company"",""phone"":"""",""privateService"":false,""timezone"":""America/New_York"",""url"":""http://www.mta.info""},""color"":""00933C"",""description"":""Via Bway / Sedgwick Av / 5Th & Madison"",""id"":""MTABC_BXM3"",""longName"":""Yonkers - Midtown"",""shortName"":""BxM3"",""textColor"":""FFFFFF"",""type"":3,""url"":""https://new.mta.info/schedules/bus""}, {""agency"":{""disclaimer"":"""",""email"":"""",""fareUrl"":"""",""id"":""MTABC"",""lang"":""EN"",""name"":""MTA Bus Company"",""phone"":"""",""privateService"":false,""timezone"":""America/New_York"",""url"":""http://www.mta.info""},""color"":""00933C"",""description"":""Via Katonah Av / Grand Concourse"",""id"":""MTABC_BXM4"",""longName"":""Woodlawn - Midtown"",""shortName"":""BxM4"",""textColor"":""FFFFFF"",""type"":3,""url"":""https://new.mta.info/schedules/bus""}]",UNKNOWN,1750950144299,ad80cc40-b5e7-4268-a040-7c6d7c1bef55
450135,SW,MTA_450135,40.750451,0,-73.983185,5 AV/W 37 ST,"[{""agency"":{""disclaimer"":"""",""email"":"""",""fareUrl"":"""",""id"":""MTA NYCT"",""lang"":""en"",""name"":""MTA New York City Transit"",""phone"":""718-330-1234"",""privateService"":false,""timezone"":""America/New_York"",""url"":""http://www.mta.info""},""color"":""00933C"",""description"":""via Arden Av"",""id"":""MTA NYCT_SIM23"",""longName"":""Annadale - Midtown Manhattan Express"",""shortName"":""SIM23"",""textColor"":""FFFFFF"",""type"":3,""url"":""""}, {""agency"":{""disclaimer"":"""",""email"":"""",""fareUrl"":"""",""id"":""MTA NYCT"",""lang"":""en"",""name"":""MTA New York City Transit"",""phone"":""718-330-1234"",""privateService"":false,""timezone"":""America/New_York"",""url"":""http://www.mta.info""},""color"":""00933C"",""description"":""via Huguenot Av"",""id"":""MTA NYCT_SIM24"",""longName"":""Prince's Bay - Midtown Manhattan Express"",""shortName"":""SIM24"",""textColor"":""FFFFFF"",""type"":3,""url"":""""}]",UNKNOWN,1750950144299,04644f82-8e87-4331-8e83-678cf458b152
450157,SW,MTA_450157,40.746027,0,-73.986439,5 AV/W 30 ST,"[{""agency"":{""disclaimer"":"""",""email"":"""",""fareUrl"":"""",""id"":""MTABC"",""lang"":""EN"",""name"":""MTA Bus Company"",""phone"":"""",""privateService"":false,""timezone"":""America/New_York"",""url"":""http://www.mta.info""},""color"":""00933C"",""description"":""Via E 66 St / Ave K / Ocean Av / Cortelyou Rd"",""id"":""MTABC_BM1"",""longName"":""Mill Basin - Downtown/Midtown"",""shortName"":""BM1"",""textColor"":""FFFFFF"",""type"":3,""url"":""https://new.mta.info/schedules/bus""}, {""agency"":{""disclaimer"":"""",""email"":"""",""fareUrl"":"""",""id"":""MTABC"",""lang"":""EN"",""name"":""MTA Bus Company"",""phone"":"""",""privateService"":false,""timezone"":""America/New_York"",""url"":""http://www.mta.info""},""color"":""00933C"",""description"":""Via Ave M/ Ave H / Cortelyou Rd"",""id"":""MTABC_BM2"",""longName"":""Canarsie/Spring Creek - Downtown/Midtown"",""shortName"":""BM2"",""textColor"":""FFFFFF"",""type"":3,""url"":""https://new.mta.info/schedules/bus""}, {""agency"":{""disclaimer"":"""",""email"":"""",""fareUrl"":"""",""id"":""MTABC"",""lang"":""EN"",""name"":""MTA Bus Company"",""phone"":"""",""privateService"":false,""timezone"":""America/New_York"",""url"":""http://www.mta.info""},""color"":""00933C"",""description"":""Via Sheepshead Bay / Ocean Ave / Cortelyou Rd"",""id"":""MTABC_BM3"",""longName"":""Sheepshead Bay - Downtown/Midtown"",""shortName"":""BM3"",""textColor"":""FFFFFF"",""type"":3,""url"":""https://new.mta.info/schedules/bus""}, {""agency"":{""disclaimer"":"""",""email"":"""",""fareUrl"":"""",""id"":""MTABC"",""lang"":""EN"",""name"":""MTA Bus Company"",""phone"":"""",""privateService"":false,""timezone"":""America/New_York"",""url"":""http://www.mta.info""},""color"":""00933C"",""description"":""Via Gerritsen Av / Nostrand Av / Ocean Av"",""id"":""MTABC_BM4"",""longName"":""Gerritsen Beach - Downtown/Midtown"",""shortName"":""BM4"",""textColor"":""FFFFFF"",""type"":3,""url"":""https://new.mta.info/schedules/bus""}]",UNKNOWN,1750950144299,827a8450-1957-4cf6-befe-bd4d5fb068a3
450375,NW,MTA_450375,40.750449,0,-73.983329,W 37 ST/5 AV,"[{""agency"":{""disclaimer"":"""",""email"":"""",""fareUrl"":"""",""id"":""MTA NYCT"",""lang"":""en"",""name"":""MTA New York City Transit"",""phone"":""718-330-1234"",""privateService"":false,""timezone"":""America/New_York"",""url"":""http://www.mta.info""},""color"":""00AEEF"",""description"":""via Roosevelt Av / Queens Blvd / Fifth Av / Madison Av"",""id"":""MTA NYCT_Q32"",""longName"":""Jackson Heights - Penn Station"",""shortName"":""Q32"",""textColor"":""FFFFFF"",""type"":3,""url"":""""}]",UNKNOWN,1750950144301,6f302e69-4857-4d00-8fde-f0baabd5effe
450392,NE,MTA_450392,40.750759,0,-73.986967,6 AV/W 35 ST,"[{""agency"":{""disclaimer"":"""",""email"":"""",""fareUrl"":"""",""id"":""MTABC"",""lang"":""EN"",""name"":""MTA Bus Company"",""phone"":"""",""privateService"":false,""timezone"":""America/New_York"",""url"":""http://www.mta.info""},""color"":""00933C"",""description"":""Via Cross Island Pkwy / Whitestone Expwy"",""id"":""MTABC_QM2"",""longName"":""Bay Terrace - Midtown Via 6Th Av"",""shortName"":""QM2"",""textColor"":""FFFFFF"",""type"":3,""url"":""https://new.mta.info/schedules/bus""}, {""agency"":{""disclaimer"":"""",""email"":"""",""fareUrl"":"""",""id"":""MTABC"",""lang"":""EN"",""name"":""MTA Bus Company"",""phone"":"""",""privateService"":false,""timezone"":""America/New_York"",""url"":""http://www.mta.info""},""color"":""00933C"",""description"":""Via 26Th Av / Utopia Pkwy / Willets Point Blvd / Mitchell Gardens"",""id"":""MTABC_QM20"",""longName"":""Bay Terrace - Midtown"",""shortName"":""QM20"",""textColor"":""FFFFFF"",""type"":3,""url"":""https://new.mta.info/schedules/bus""}]",UNKNOWN,1750950144301,60ea0e9f-ffd5-4fd1-9232-03d725c4d65b
803039,SW,MTA_803039,40.750242,0,-73.983329,5 AV / W 37 ST,"[{""agency"":{""disclaimer"":"""",""email"":"""",""fareUrl"":"""",""id"":""MTA NYCT"",""lang"":""en"",""name"":""MTA New York City Transit"",""phone"":""718-330-1234"",""privateService"":false,""timezone"":""America/New_York"",""url"":""http://www.mta.info""},""color"":""00933C"",""description"":""via Merrick Bl / Francis Lewis Bl"",""id"":""MTA NYCT_X63"",""longName"":""Rosedale - Midtown Manhattan Express"",""shortName"":""X63"",""textColor"":""FFFFFF"",""type"":3,""url"":""""}, {""agency"":{""disclaimer"":"""",""email"":"""",""fareUrl"":"""",""id"":""MTA NYCT"",""lang"":""en"",""name"":""MTA New York City Transit"",""phone"":""718-330-1234"",""privateService"":false,""timezone"":""America/New_York"",""url"":""http://www.mta.info""},""color"":""00933C"",""description"":""via Linden Bl / Farmers Bl / Liberty Av"",""id"":""MTA NYCT_X64"",""longName"":""Cambria Heights - Midtown Manhattan Express"",""shortName"":""X64"",""textColor"":""FFFFFF"",""type"":3,""url"":""""}]",UNKNOWN,1750950144302,64d2da89-cd48-4cd1-84c0-1b707e69b2ae
803040,SW,MTA_803040,40.74707,0,-73.985658,5 AV/W 32 ST,"[{""agency"":{""disclaimer"":"""",""email"":"""",""fareUrl"":"""",""id"":""MTA NYCT"",""lang"":""en"",""name"":""MTA New York City Transit"",""phone"":""718-330-1234"",""privateService"":false,""timezone"":""America/New_York"",""url"":""http://www.mta.info""},""color"":""00933C"",""description"":""via Merrick Bl / Francis Lewis Bl"",""id"":""MTA NYCT_X63"",""longName"":""Rosedale - Midtown Manhattan Express"",""shortName"":""X63"",""textColor"":""FFFFFF"",""type"":3,""url"":""""}, {""agency"":{""disclaimer"":"""",""email"":"""",""fareUrl"":"""",""id"":""MTA NYCT"",""lang"":""en"",""name"":""MTA New York City Transit"",""phone"":""718-330-1234"",""privateService"":false,""timezone"":""America/New_York"",""url"":""http://www.mta.info""},""color"":""00933C"",""description"":""via Linden Bl / Farmers Bl / Liberty Av"",""id"":""MTA NYCT_X64"",""longName"":""Cambria Heights - Midtown Manhattan Express"",""shortName"":""X64"",""textColor"":""FFFFFF"",""type"":3,""url"":""""}]",UNKNOWN,1750950144304,8ab10de0-0b80-481d-a6a9-73bc430c1d5a
